{
  "n_training_rows": 2650,
  "n_splits": 5,
  "kfold_mean_accuracy": 0.5910726612946582,
  "kfold_scores": [
    0.6396092669432919,
    0.5705612829324169,
    0.5917761676695731,
    0.5444019138755981,
    0.6090146750524109
  ],
  "groupkfold_mean_accuracy": 0.5449701620308146,
  "groupkfold_scores": [
    0.5706469262954619,
    0.5413393191170969,
    0.5304400241109102,
    0.5394476014272499,
    0.5429769392033543
  ],
  "gate_pass": true
}